,수상등급,분야,연도,직위,소속
0,장려상,산업 및 에너지,2021,학생,서울과학고등학교
1,장려상,산업 및 에너지,2021,학생,미림여자고등학교
2,장려상,산업 및 에너지,2021,학생,휘문중학교
3,장려상,산업 및 에너지,2021,학생,휘문중학교
4,장려상,산업 및 에너지,2021,학생,신서중학교
5,장려상,산업 및 에너지,2021,학생,상명중학교
6,장려상,산업 및 에너지,2021,학생,불암중학교
7,장려상,산업 및 에너지,2021,학생,동도중학교
8,장려상,산업 및 에너지,2021,학생,서울신미림초등학교
9,장려상,지구 및 환경,2021,학생,대진여자고등학교
10,장려상,지구 및 환경,2021,학생,을지중학교
11,장려상,지구 및 환경,2021,학생,동양중학교
12,장려상,지구 및 환경,2021,학생,태강삼육초등학교
13,장려상,지구 및 환경,2021,학생,금성초등학교
14,장려상,생물,2021,학생,덕원여자고등학교
15,장려상,생물,2021,학생,진선여자중학교
16,장려상,생물,2021,학생,장승중학교
17,장려상,생물,2021,학생,길음중학교
18,장려상,생물,2021,학생,가원중학교
19,장려상,생물,2021,학생,서울잠신초등학교
20,장려상,생물,2021,학생,서울압구정초등학교
21,장려상,생물,2021,학생,서울개운초등학교
22,장려상,화학,2021,학생,세종과학고등학교
23,장려상,화학,2021,학생,배재고등학교
24,장려상,화학,2021,학생,전일중학교
25,장려상,화학,2021,학생,잠실중학교
26,장려상,화학,2021,학생,윤중중학교
27,장려상,화학,2021,학생,금옥중학교
28,장려상,화학,2021,학생,서울역촌초등학교
29,장려상,화학,2021,학생,서울상지초등학교
30,장려상,화학,2021,학생,서울목동초등학교
31,장려상,화학,2021,학생,서울대명초등학교
32,장려상,물리,2021,학생,세종과학고등학교
33,장려상,물리,2021,학생,세종과학고등학교
34,장려상,물리,2021,학생,서울대성고등학교
35,장려상,물리,2021,학생,배재고등학교
36,장려상,물리,2021,학생,대왕중학교
37,장려상,물리,2021,학생,청원초등학교
38,장려상,물리,2021,학생,서울이문초등학교
39,장려상,물리,2021,학생,서울상지초등학교
40,장려상,물리,2021,학생,서울대현초등학교
41,우수상,산업 및 에너지,2021,학생,한성과학고등학교
42,우수상,산업 및 에너지,2021,학생,한성과학고등학교
43,우수상,산업 및 에너지,2021,학생,반포고등학교
44,우수상,산업 및 에너지,2021,학생,신도림중학교
45,우수상,산업 및 에너지,2021,학생,방배중학교
46,우수상,산업 및 에너지,2021,학생,목일중학교
47,우수상,산업 및 에너지,2021,학생,한양초등학교
48,우수상,산업 및 에너지,2021,학생,청원초등학교
49,우수상,산업 및 에너지,2021,학생,서울대도초등학교
50,우수상,지구 및 환경,2021,학생,한성과학고등학교
51,우수상,지구 및 환경,2021,학생,세종과학고등학교
52,우수상,지구 및 환경,2021,학생,휘문중학교
53,우수상,지구 및 환경,2021,학생,불암중학교
54,우수상,지구 및 환경,2021,학생,서울여의도초등학교
55,우수상,생물,2021,학생,혜성여자고등학교
56,우수상,생물,2021,학생,서울과학고등학교
57,우수상,생물,2021,학생,서울과학고등학교
58,우수상,생물,2021,학생,오륜중학교
59,우수상,생물,2021,학생,양정중학교
60,우수상,생물,2021,학생,경원중학교
61,우수상,생물,2021,학생,서울오금초등학교
62,우수상,화학,2021,학생,세종과학고등학교
63,우수상,화학,2021,학생,반포고등학교
64,우수상,화학,2021,학생,잠신중학교
65,우수상,화학,2021,학생,숙명여자중학교
66,우수상,화학,2021,학생,단국대학교사범대학부속중학교
67,우수상,화학,2021,학생,숭의초등학교
68,우수상,화학,2021,학생,계성초등학교
69,우수상,물리,2021,학생,한성과학고등학교
70,우수상,물리,2021,학생,세종과학고등학교
71,우수상,물리,2021,학생,서울고등학교
72,우수상,물리,2021,학생,신서중학교
73,우수상,물리,2021,학생,신동중학교
74,우수상,물리,2021,학생,대청중학교
75,우수상,물리,2021,학생,대방중학교
76,특상,산업 및 에너지,2021,학생,한성과학고등학교
77,특상,산업 및 에너지,2021,학생,한성과학고등학교
78,특상,산업 및 에너지,2021,학생,성보고등학교
79,특상,산업 및 에너지,2021,학생,서울과학고등학교
80,특상,산업 및 에너지,2021,학생,서울과학고등학교
81,특상,산업 및 에너지,2021,학생,서울대현초등학교
82,특상,지구 및 환경,2021,학생,한성과학고등학교
83,특상,지구 및 환경,2021,학생,백운중학교
84,특상,지구 및 환경,2021,학생,광진중학교
85,특상,생물,2021,학생,한성과학고등학교
86,특상,생물,2021,학생,세종과학고등학교
87,특상,생물,2021,학생,세종과학고등학교
88,특상,생물,2021,학생,송파중학교
89,특상,생물,2021,학생,대치중학교
90,특상,화학,2021,학생,용강중학교
91,특상,화학,2021,학생,역삼중학교
92,특상,화학,2021,학생,대명중학교
93,특상,화학,2021,학생,성동초등학교
94,특상,물리,2021,학생,신서고등학교
95,특상,물리,2021,학생,세종과학고등학교
96,특상,물리,2021,학생,서울과학고등학교
97,특상,물리,2021,학생,문창중학교
98,특상,물리,2021,학생,경기초등학교
99,장려상,산업 및 에너지,2020,학생,한성과학고등학교
100,장려상,산업 및 에너지,2020,학생,대청중학교
101,장려상,산업 및 에너지,2020,학생,숭의여자고등학교
102,장려상,산업 및 에너지,2020,학생,서울대진고등학교
103,장려상,산업 및 에너지,2020,학생,서울과학고등학교
104,장려상,산업 및 에너지,2020,학생,신사중학교
105,장려상,산업 및 에너지,2020,학생,선덕고등학교
106,장려상,산업 및 에너지,2020,학생,한성과학고등학교
107,장려상,지구 및 환경,2020,학생,서일중학교 압구정중학교
108,장려상,지구 및 환경,2020,학생,대원국제중학교
109,장려상,지구 및 환경,2020,학생,혜원여자중학교
110,장려상,지구 및 환경,2020,학생,자양중학교
111,장려상,지구 및 환경,2020,학생,대곡초등학교
112,장려상,지구 및 환경,2020,학생,여의도고등학교
113,장려상,지구 및 환경,2020,학생,한성과학고등학교
114,장려상,지구 및 환경,2020,학생,숙명여자고등학교
115,장려상,지구 및 환경,2020,학생,서울상암초등학교
116,장려상,지구 및 환경,2020,학생,혜원여자고등학교
117,장려상,생물,2020,학생,대청중학교
118,장려상,생물,2020,학생,잠실중학교
119,장려상,생물,2020,학생,휘문중학교
120,장려상,생물,2020,학생,대명중학교
121,장려상,생물,2020,학생,서울과학고등학교
122,장려상,화학,2020,학생,하나고등학교
123,장려상,화학,2020,학생,세종과학고등학교
124,장려상,화학,2020,학생,서울불광초등학교
125,장려상,화학,2020,학생,숭의여자고등학교
126,장려상,화학,2020,학생,서울지향초등학교
127,장려상,화학,2020,학생,서울역촌초등학교
128,장려상,화학,2020,학생,중앙대학교사범대학부속중학교
129,장려상,화학,2020,학생,신서중학교 목동중학교
130,장려상,화학,2020,학생,서울과학고등학교
131,장려상,화학,2020,학생,태랑중학교
132,장려상,화학,2020,학생,한성과학고등학교
133,장려상,물리,2020,학생,한성과학고등학교
134,장려상,물리,2020,학생,서울과학고등학교
135,장려상,물리,2020,학생,경기여자고등학교
136,장려상,물리,2020,학생,세종과학고등학교
137,장려상,물리,2020,학생,신반포중학교 서문여자중학교
138,장려상,물리,2020,학생,세종과학고등학교
139,장려상,물리,2020,학생,상암중학교
140,장려상,물리,2020,학생,서울해누리초등학교
141,장려상,물리,2020,학생,서울과학고등학교
142,장려상,물리,2020,학생,한성과학고등학교
143,우수상,산업 및 에너지,2020,학생,을지중학교
144,우수상,산업 및 에너지,2020,학생,숙명여자고등학교
145,우수상,지구 및 환경,2020,학생,세종과학고등학교
146,우수상,지구 및 환경,2020,학생,원촌중학교
147,우수상,지구 및 환경,2020,학생,서울길원초등학교
148,우수상,생물,2020,학생,잠실중학교
149,우수상,생물,2020,학생,옥정중학교
150,우수상,생물,2020,학생,세종과학고등학교
151,우수상,생물,2020,학생,선정고등학교
152,우수상,화학,2020,학생,신동중학교
153,우수상,물리,2020,학생,길음중학교
154,우수상,물리,2020,학생,정신여자중학교 압구정중학교 예원학교
155,우수상,물리,2020,학생,창북중학교 중계중학교
156,특상,산업 및 에너지,2020,학생,목동중학교
157,특상,산업 및 에너지,2020,학생,이화여자대학교사범대학부속이화금란중학교
158,특상,산업 및 에너지,2020,학생,세종과학고등학교
159,특상,산업 및 에너지,2020,학생,서울대명초등학교
160,특상,산업 및 에너지,2020,학생,세종과학고등학교
161,특상,지구 및 환경,2020,학생,은석초등학교
162,특상,지구 및 환경,2020,학생,상명중학교
163,특상,지구 및 환경,2020,학생,양천고등학교
164,특상,지구 및 환경,2020,학생,세종과학고등학교
165,특상,생물,2020,학생,세종과학고등학교
166,특상,생물,2020,학생,세종과학고등학교
167,특상,생물,2020,학생,한성과학고등학교
168,특상,생물,2020,학생,서울과학고등학교
169,특상,화학,2020,학생,서울대성고등학교
170,특상,화학,2020,학생,한성과학고등학교
171,특상,화학,2020,학생,염경중학교
172,특상,화학,2020,학생,한성과학고등학교
173,특상,화학,2020,학생,답십리초등학교
174,특상,물리,2020,학생,반포고등학교
175,특상,물리,2020,학생,서울과학고등학교
176,특상,물리,2020,학생,세종과학고등학교
177,특상,물리,2020,학생,서울과학고등학교
178,특상,물리,2020,학생,재현고등학교
179,장려상,산업및에너지,2019,학생,한성과학고등학교
180,장려상,산업및에너지,2019,학생,한성과학고등학교
181,장려상,산업및에너지,2019,학생,세종과학고등학교
182,장려상,산업및에너지,2019,학생,숭실고등학교
183,장려상,산업및에너지,2019,학생,서울용원초등학교
184,장려상,산업및에너지,2019,학생,경기초등학교
185,장려상,산업및에너지,2019,학생,서울목운초등학교
186,장려상,지구 및 환경,2019,학생,한성과학고등학교
187,장려상,지구 및 환경,2019,학생,세종과학고등학교
188,장려상,지구 및 환경,2019,학생,휘문고등학교
189,장려상,지구 및 환경,2019,학생,목운중학교
190,장려상,지구 및 환경,2019,학생,목일중학교
191,장려상,지구 및 환경,2019,학생,"동구여자중학교,성신여자중학교"
192,장려상,지구 및 환경,2019,학생,서울도신초등학교
193,장려상,지구 및 환경,2019,학생,서울송정초등학교
194,장려상,지구 및 환경,2019,학생,청원초등학교
195,장려상,생물,2019,학생,서울과학고등학교
196,장려상,생물,2019,학생,숙명여자고등학교
197,장려상,생물,2019,학생,서일중학교
198,장려상,생물,2019,학생,서울서원초등학교
199,장려상,화학,2019,학생,한성과학고등학교
200,장려상,화학,2019,학생,혜성여자고등학교
201,장려상,화학,2019,학생,대원국제중학교
202,장려상,화학,2019,학생,중앙대학교사범대학부속중학교
203,장려상,화학,2019,학생,서울불광초등학교
204,장려상,화학,2019,학생,서울목원초등학교
205,장려상,물리,2019,학생,서울과학고등학교
206,장려상,물리,2019,학생,서울과학고등학교
207,장려상,물리,2019,학생,서울대학교사범대학부설중학교
208,장려상,물리,2019,학생,배화여자중학교
209,장려상,물리,2019,학생,한양초등학교
210,장려상,물리,2019,학생,경복초등학교
211,장려상,물리,2019,학생,서울구남초등학교
212,우수상,산업및에너지,2019,학생,서울과학고등학교
213,우수상,산업및에너지,2018,학생,세종과학고등학교
214,우수상,산업및에너지,2019,학생,서울과학고등학교
215,우수상,산업및에너지,2019,학생,한성과학고등학교
216,우수상,산업및에너지,2019,학생,원촌중학교
217,우수상,산업및에너지,2019,학생,서울보라매초등학교
218,우수상,산업및에너지,2019,학생,자양중학교
219,우수상,산업및에너지,2019,학생,서울미양초등학교
220,우수상,지구,2019,학생,반포고등학교
221,우수상,지구 및 환경,2019,학생,한성과학고등학교
222,우수상,지구,2019,학생,세종과학고등학교
223,우수상,지구,2019,학생,서울과학고등학교
224,우수상,지구,2019,학생,서울과학고등학교
225,우수상,지구 및 환경,2019,학생,상명중학교
226,우수상,지구 및 환경,2019,학생,대명중학교
227,우수상,지,2019,학생,서울대학교사범대학부설중학교
228,우수상,지구및 환경,2019,학생,서울목동중학교
229,우수상,지구및 환경,2019,학생,서울대곡초등학교
230,우수상,지구및 환경,2019,학생,매원초등학교
231,우수상,생물,2019,학생,반포고등학교
232,우수상,생물,2019,학생,세종과학고등학교
233,우수상,생물,2019,학생,한성과학고등학교
234,우수상,생물,2019,학생,서울과학고등학교
235,우수상,생물,2019,학생,경기여자고등학교
236,우수상,생물,2019,학생,인수중학교
237,우수상,생물,2019,학생,숭의초등학교6
238,우수상,화학,2019,학생,서울과학고등학교
239,우수상,화학,2019,학생,서울과학고등학교
240,우수상,화학,2019,학생,세종과학고등학교
241,우수상,화학,2019,학생,한성과학고등학교
242,우수상,화학,2019,학생,한성과학고등학교
243,우수상,화학,2019,학생,서울답십리초등학교
244,우수상,물리,2019,학생,서울과학고등학교
245,우수상,물리,2019,학생,세종과학고등학교
246,우수상,물리,2019,학생,세종과학고등학교
247,우수상,물리,2019,학생,경기고등학교
248,우수상,물리,2019,학생,강현중학교
249,우수상,물리,2019,학생,예원중학교
250,우수상,물리,2019,학생,오금중학교
251,우수상,물리,2019,학생,서울삼성초등학교
252,특상,산업및에너지,2019,학생,보성고등학교
253,특상,산업및에너지,2019,학생,서울과학고등학교
254,특상,산업및에너지,2019,학생,세종과학고등학교
255,특상,산업및에너지,2019,학생,이화여자대학교사범대학부속 이화금란중학
256,특상,산업및에너지,2019,학생,영훈초등학교
257,특상,지구 및 환경,2019,학생,잠신고등학교
258,특상,지구 및 환경,2019,학생,한성과학고등학교
259,특상,지구 및 환경,2019,학생,서초중학교
260,특상,지구 및 환경,2019,학생,신목중학교
261,특상,지구및 환경,2019,학생,서울영원초등학교
262,특상,생물,2019,학생,세종과학고등학교
263,특상,생물,2019,학생,세종과학고등학교
264,특상,생물,2019,학생,"대지중학교,장평중학교"
265,특상,생물,2019,학생,서울금양초등학교
266,특상,생물,2019,학생,서울신용산초등학교
267,특상,화학,2019,학생,한성과학고등학교
268,특상,화학,2019,학생,한성과학고등학교
269,특상,화학,2019,학생,서울과학고등학교
270,특상,물리,2019,학생,한성과학고등학교
271,특상,물리,2019,학생,"서울과학고등화,이화여자고등학교"
272,특상,물리,2019,학생,윤중중학교
273,특상,물리,2019,학생,보성중학교
274,특상,물리,2019,학생,서울오륜초등학교
275,특상,환경,2018,학생,반포고등학교
276,장려상,환경,2018,학생,한성과학고등학교
277,우수상,환경,2018,학생,한성과학고등학교
278,우수상,환경,2018,학생,은광여자고등학교
279,장려상,환경,2018,학생,신광여자중학교
280,특상,환경,2018,학생,혜원여자중학교
281,특상,환경,2018,학생,여의도중학교
282,우수상,환경,2018,학생,서일중학교
283,장려상,환경,2018,학생,용강중학교
284,우수상,환경,2018,학생,옥정중학교
285,특상,환경,2018,학생,상명중학교
286,장려상,환경,2018,학생,하계중학교
287,우수상,환경,2018,학생,ㅍ
288,장려상,환경,2018,학생,대명중학교
289,특상,환경,2018,학생,서울안산초등학교
290,우수상,환경,2018,학생,경복초등학교
291,장려상,환경,2018,학생,서울서강초등학교
292,장려상,환경,2018,학생,서울교육대학교부설초등학교
293,우수상,환경,2018,학생,서울용산초등학교
294,특상,산업 및 에너지,2018,학생,서울 대성고
295,장려상,산업 및 에너지,2018,학생,서울과학고등학교
296,특상,산업 및 에너지,2018,학생,서울과학고등학교
297,장려상,산업 및 에너지,2018,학생,잠신고등학교
298,장려상,산업 및 에너지,2018,학생,세종과학고
299,우수상,산업 및 에너지,2018,학생,세종과학고등학교
300,특상,산업 및 에너지,2018,학생,보성고
301,우수상,산업 및 에너지,2018,학생,정신여자고등학교
302,우수상,산업 및 에너지,2018,학생,세종과학고
303,장려상,산업 및 에너지,2018,학생,서울과학고
304,장려상,산업 및 에너지,2018,학생,혜원여자고등학교
305,우수상,산업 및 에너지,2018,학생,문일중학교
306,특상,산업 및 에너지,2018,학생,역삼중학교
307,장려상,산업 및 에너지,2018,학생,삼선중학교
308,우수상,산업 및 에너지,2018,학생,금성초등학교
309,특상,산업 및 에너지,2018,학생,서울목동초등학교
310,우수상,산업 및 에너지,2018,학생,매원초등학교
311,우수상,농림수산,2018,학생,한성과학고
312,우수상,농림수산,2018,학생,목운중학교
313,장려상,농림수산,2018,학생,숭문중학교
314,우수상,농림수산,2018,학생,용강중학교
315,특상,농림수산,2018,학생,서울서교초등학교
316,우수상,지구과학,2018,학생,한성과학고등학교
317,특상,지구과학,2018,학생,경복고등학교
318,장려상,지구과학,2018,학생,한성과학고등학교
319,우수상,지구과학,2018,학생,세종과학고등학교
320,우수상,지구과학,2018,학생,동대문중학교
321,장려상,지구과학,2018,학생,중암중학교
322,특상,식물,2018,학생,반포고등학교
323,우수상,식물,2018,학생,중동고등학교
324,장려상,식물,2018,학생,선정중학교
325,우수상,식물,2018,학생,중앙대학교사범대학부속초등학교
326,장려상,식물,2018,학생,서울잠일초등학교
327,우수상,동물,2018,학생,세종과학고등학교
328,우수상,동물,2018,학생,세종과학고등학교
329,특상,동물,2018,학생,상문고등학교
330,장려상,동물,2018,학생,"""선덕고등학교 이화여고"""
331,장려상,동물,2018,학생,원묵중학교
332,우수상,동물,2018,학생,영훈초등학교
333,특상,화학,2018,학생,한성과학고등학교
334,우수상,화학,2018,학생,서울과학고등학교
335,우수상,화학,2018,학생,숙명여자고등학교
336,장려상,화학,2018,학생,경기고등학교
337,우수상,화학,2018,학생,서울과학고등학교
338,특상,화학,2018,학생,세종과학고등학교
339,장려상,화학,2018,학생,양천고등학교
340,특상,화학,2018,학생,신동중학교
341,장려상,화학,2018,학생,구일중학교
342,우수상,화학,2018,학생,오주중학교
343,장려상,화학,2018,학생,서울경동초등학교
344,특상,화학,2018,학생,서울금동초등학교
345,우수상,화학,2018,학생,길음중학교
346,우수상,화학,2018,학생,매원초등학교
347,장려상,화학,2018,학생,서울신도림초등학교
348,우수상,물리,2018,학생,서울과학고
349,우수상,물리,2018,학생,용문고
350,특상,물리,2018,학생,서울과학고등학교
351,우수상,물리,2018,학생,세종과학고
352,특상,물리,2018,학생,세종과학고등학교
353,우수상,물리,2018,학생,서울과학고등학교
354,장려상,물리,2018,학생,세종과학고등학교
355,우수상,물리,2018,학생,서울과학고등학교
356,특상,물리,2018,학생,서울과학고등학교
357,우수상,물리,2018,학생,세종과학고등학교
358,수상제외,물리,2018,학생,경희고등학교
359,장려상,물리,2018,학생,방산고등학교
360,장려상,물리,2018,학생,개원중학교
361,특상,물리,2018,학생,을지중학교
362,장려상,물리,2018,학생,신일중학교
363,우수상,물리,2018,학생,"""역삼중학교 서일중학교"""
364,장려상,물리,2018,학생,성남중학교
365,우수상,물리,2018,학생,상봉중학교
366,장려상,물리,2018,학생,동북초등학교
367,장려상,물리,2018,학생,강현중학교
368,특상,물리,2018,학생,서울가원초등학교
369,우수상,물리,2018,학생,서울오륜초등학교
370,특상,물리,2018,학생,서울신서초등학교
371,장려상,물리,2018,학생,리라초등학교
372,장려상,물리,2018,학생,서울삼일초등학교
373,특상,환경,2017,학생,한성과학고등학교
374,우수상,환경,2017,학생,한성과학고등학교
375,장려상,환경,2017,학생,한성과학고등학교
376,장려상,환경,2017,학생,한서고등학교
377,우수상,환경,2017,학생,반포고등학교
378,특상,환경,2017,학생,세종과학고등학교
379,우수상,환경,2017,학생,경기고등학교
380,우수상,환경,2017,학생,신서중학교
381,우수상,환경,2017,학생,신목중학교
382,우수상,환경,2017,학생,숭인중학교
383,장려상,환경,2017,학생,송례중학교
384,특상,환경,2017,학생,서일중학교
385,장려상,환경,2017,학생,대치중학교
386,장려상,환경,2017,학생,대원국제중
387,특상,환경,2017,학생,리라초등학교
388,특상,산업 및 에너지,2017,학생,한성과학고
389,우수상,산업 및 에너지,2017,학생,세종과학고
390,장려상,산업 및 에너지,2017,학생,서울과학고등학교
391,장려상,산업 및 에너지,2017,학생,대성고등학교
392,우수상,산업 및 에너지,2017,학생,경기여고
393,우수상,산업 및 에너지,2017,학생,염경중학교
394,장려상,산업 및 에너지,2017,학생,압구정중학교
395,우수상,산업 및 에너지,2017,학생,신목중
396,특상,산업 및 에너지,2017,학생,목운중학교
397,특상,산업 및 에너지,2017,학생,대왕중학교
398,장려상,산업 및 에너지,2017,학생,노곡중학교
399,장려상,산업 및 에너지,2017,학생,남강중학교
400,우수상,산업 및 에너지,2017,학생,서교초등학교
401,우수상,산업 및 에너지,2017,학생,금성초등학교
402,장려상,산업 및 에너지,2017,학생,계남초등학교
403,특상,산업 및 에너지,2017,학생,경복초등학교
404,우수상,농림수산,2017,학생,한성과학고등학교
405,장려상,농림수산,2017,학생,세종과학고등학교
406,특상,농림수산,2017,학생,세종과학고등학교
407,장려상,농림수산,2017,학생,세종과학고등학교
408,장려상,농림수산,2017,학생,대진여자고등학교
409,우수상,농림수산,2017,학생,목운중
410,장려상,지구과학,2017,학생,세종과학고등학교
411,장려상,지구과학,2017,학생,세종과학고등학교
412,우수상,지구과학,2017,학생,을지중하교
413,우수상,지구과학,2017,학생,동성중학교
414,우수상,식물,2017,학생,한서고등학교
415,특상,서울과학고,2017,학생,서울과학고등학교
416,특상,식물,2017,학생,자양중
417,우수상,식물,2017,학생,이화여자대학교사범대학부속이화금란중학교
418,장려상,식물,2017,학생,신동중학교
419,장려상,식물,2017,학생,연촌초등학교
420,우수상,식물,2017,학생,성동초등학교
421,특상,동물,2017,학생,한성과학고등학교
422,장려상,동물,2017,학생,원묵고등학교
423,우수상,물리,2017,학생,당곡초등학교
424,우수상,동물,2017,학생,배재고
425,장려상,동물,2017,학생,경복고등학교
426,장려상,동물,2017,학생,성암여자중학교
427,특상,동물,2017,학생,동일중학교
428,특상,동물,2017,학생,정수초등학교
429,우수상,동물,2017,학생,목원초등학교
430,장려상,동물,2017,학생,개봉초등학교
431,우수상,화학,2017,학생,한성과학고등학교
432,장려상,화학,2017,학생,용화여자고등학교
433,우수상,화학,2017,학생,세종과학고등학교
434,우수상,화학,2017,학생,서울과학고등학교
435,특상,화학,2017,학생,서울과학고등학교
436,우수상,화학,2017,학생,서울과학고등학교
437,장려상,화학,2017,학생,경희여자고등학교
438,우수상,화학,2017,학생,잠시중학교
439,장려상,화학,2017,학생,세화여자중학교
440,장려상,화학,2017,학생,번동중학교
441,장려상,화학,2017,학생,남정초등학교
442,우수상,화학,2017,학생,경복초등학교
443,장려상,물리,2017,학생,한성과학고등학교
444,장려상,물리,2017,학생,한성과학고등학교
445,장려상,물리,2017,학생,한성과학고등학교
446,우수상,물리,2017,학생,장훈고등학교
447,장려상,물리,2017,학생,신목고등학교
448,특상,물리,2017,학생,세종과학고등학교
449,특상,물리,2017,학생,세종과학고등학교
450,우수상,물리,2017,학생,세종과학고등학교
451,장려상,물리,2017,학생,세종과학고등학교
452,특상,물리,2017,학생,서울과학고등학교
453,장려상,물리,2017,학생,서울과학고등학교
454,장려상,물리,2017,학생,서울과학고등학교
455,우수상,물리,2017,학생,서울과학고등학교
456,우수상,물리,2017,학생,상명대부속여고
457,우수상,물리,2017,학생,중계중학교
458,우수상,물리,2017,학생,"청원여중,동명여중"
459,장려상,물리,2017,학생,신도림중학교
460,장려상,물리,2017,학생,서초중학교
461,우수상,물리,2017,학생,봉은중학교
462,특상,물리,2017,학생,대명중학교
463,특상,물리,2017,학생,잠일초등학교
464,장려상,물리,2017,학생,태강삼육초등학교
465,특상,물리,2017,학생,은석초등학교
466,장려상,물리,2017,학생,윤중초등학교
467,우수상,물리,2017,학생,원촌초등학교
468,우수상,물리,2017,학생,서교초등학교
469,장려상,물리,2017,학생,매원초등학교
470,장려상,물리,2017,학생,도성초등학교
471,장려상,물리,2017,학생,남산초등학교
472,특상,물리,2017,학생,계성초등학교
473,우수상,환경,2016,학생,은광여고
474,우수상,환경,2016,학생,숙명여고
475,우수상,환경,2016,학생,세종과고
476,장려상,환경,2016,학생,세종과고
477,특상,환경,2016,학생,은광여고
478,특상,환경,2016,학생,서울과고
479,우수상,환경,2016,학생,명덕고
480,장려상,환경,2016,학생,한성과고
481,특상,환경,2016,학생,반포고
482,장려상,환경,2016,학생,재현중
483,특상,환경,2016,학생,숙명여중
484,우수상,환경,2016,학생,신목중
485,우수상,환경,2016,학생,역삼중 목운중
486,우수상,환경,2016,학생,내발산초
487,우수상,산업및에너지,2016,학생,압구정고
488,우수상,산업및에너지,2016,학생,세종과고
489,특상,산업및에너지,2016,학생,세종과고
490,우수상,사넙및에너지,2016,학생,서울과고
491,장려상,산업및에너지,2016,학생,서울과고
492,특상,산업및에너지,2016,학생,서울과고
493,장려상,산업및에너지,2016,학생,현대고
494,우수상,산업및에너지,2016,학생,서울과고
495,우수상,산업및에너지,2016,학생,숙명여중
496,특상,산업및에너지,2016,학생,잠신중
497,우수상,산업및에너지,2016,학생,역삼중
498,장려상,산업및에너지,2016,학생,신수중
499,특상,산업및에너지,2016,학생,둔촌중
500,장려상,산업및에너지,2016,학생,신천중
501,우수상,산업및에너지,2016,학생,신일중
502,우수상,산업및에너지,2016,학생,숭의초
503,특상,산업및에너지,2016,학생,태랑초
504,장려상,산업및에너지,2016,학생,여의도초 월촌초
505,장려상,산업및에너지,2016,학생,당곡초
506,장려상,산업및에너지,2016,학생,금성초
507,특상,농림수산,2016,학생,세종과고
508,우수상,농림수산,2016,학생,대진고
509,장려상,농림수산,2016,학생,하나고
510,특상,농림수산,2016,학생,서초고
511,장려상,농림수산,2016,학생,신도봉중
512,우수상,농림수산,2016,학생,봉영여중
513,특상,농림수산,2016,학생,여의도초
514,장려상,농림수산,2016,학생,숭덕초
515,우수상,농림수산,2016,학생,경기초
516,장려상,농림수산,2016,학생,오금초
517,특상,지구과학,2016,학생,홍은중
518,우수상,지구과학,2016,학생,서울과고
519,우수상,지구과학,2016,학생,대원국제중
520,장려상,지구과학,2016,학생,개운중
521,특상,식물,2016,학생,한서고
522,우수상,식물,2016,학생,금옥여고
523,장려상,식물,2016,학생,신현중
524,우수상,식물,2016,학생,중계중
525,장려상,식물,2016,학생,아주초
526,장려상,동물,2016,학생,세종과고
527,우수상,동물,2016,학생,숙명여고
528,우수상,동물,2016,학생,명덕고
529,장려상,동물,2016,학생,월촌중
530,우수상,동물,2016,학생,자운초
531,우수상,화학,2016,학생,신구중
532,우수상,화학,2016,학생,서울과고
533,우수상,화학,2016,학생,한성과고
534,우수상,화학,2016,학생,서울과고
535,우수상,화학,2016,학생,명덕고
536,특상,화학,2016,학생,한성과고
537,우수상,화학,2016,학생,대원국제중
538,특상,화학,2016,학생,중계중
539,장려상,화학,2016,학생,하나고
540,특상,화학,2016,학생,서울과고
541,장려상,화학,2016,학생,서초초
542,특상,화학,2016,학생,강서초
543,장려상,화학,2016,학생,서문여중
544,장려상,화학,2016,학생,문영여고
545,장려상,화학,2016,학생,구일중
546,특상,물리,2016,학생,한성과고
547,장려상,물리,2016,학생,한성과고
548,특상,물리,2016,학생,세종과고
549,우수상,물리,2016,학생,서울과고
550,우수상,물리,2016,학생,서울과고
551,장려상,물리,2016,학생,한성과고
552,장려상,물리,2016,학생,한성과고
553,장려상,물리,2016,학생,한성과고
554,우수상,물리,2016,학생,세종과고
555,우수상,물리,2016,학생,세종과고
556,특상,물리,2016,학생,서울과고
557,장려상,물리,2016,학생,한성과고
558,우수상,물리,2016,학생,상암중
559,특상,물리,2016,학생,하계중
560,장려상,물리,2016,학생,월촌중
561,우수상,물리,2016,학생,신일중
562,우수상,물리,2016,학생,개운중
563,우수상,물리,2016,학생,당산서중
564,장려상,물리,2016,학생,남대문중
565,장려상,물리,2016,학생,광진중
566,장려상,물리,2016,학생,"신천중,오륜중"
567,특상,물리,2016,학생,개운중
568,특상,물리,2016,학생,언주초
569,우수상,물리,2016,학생,신답초
570,장려상,물리,2016,학생,리라초
571,장려상,환경,2015,학생,보인고
572,우수상,환경,2015,학생,한성과학고
573,우수상,환경,2015,학생,단대부고
574,장려상,환경,2015,학생,세종과학고
575,특상,환경,2015,학생,숙명여고
576,장려상,환경,2015,학생,상암고
577,장려상,환경,2015,학생,명덕고
578,우수상,환경,2015,학생,한성과학고
579,특상,환경,2015,학생,세종과학고
580,특상,환경,2015,학생,한성과학고
581,우수상,환경,2015,학생,서울고
582,장려상,환경,2015,학생,창문여고
583,특상,환경,2015,학생,연천중
584,장려상,환경,2015,학생,대원국제중
585,우수상,환경,2015,학생,대원국제중
586,장려상,환경,2015,학생,성일중
587,우수상,환경,2015,학생,오륜중
588,장려상,환경,2015,학생,신구중
589,특상,환경,2015,학생,"대명중,휘문중"
590,장려상,환경,2015,학생,장평중
591,우수상,환경,2015,학생,서울도성초
592,특상,환경,2015,학생,서울서교초
593,우수상,환경,2015,학생,서울구암초
594,장려상,환경,2015,학생,중대부초
595,우수상,환경,2015,학생,서울영도초
596,장려상,환경,2015,학생,서울서교초
597,우수상,산업및에너지,2015,학생,가원중
598,장려상,산업및에너지,2015,학생,화곡중
599,특상,산업및에너지,2015,학생,숙명여중
600,우수상,산업및에너지,2015,학생,숙명여고
601,장려상,산업및에너지,2015,학생,대성고
602,장려상,산업및에너지,2015,학생,세종과학고
603,장려상,산업및에너지,2015,학생,진선여고
604,우수상,산업및에너지,2015,학생,대진고
605,특상,산업및에너지,2015,학생,강동고
606,장려상,농림수산,2015,학생,중산고
607,우수상,농림수산,2015,학생,서울과학고
608,장려상,농림수산,2015,학생,서울과학고
609,특상,농림수산,2015,학생,대일고
610,우수상,농림수산,2015,학생,선덕고
611,우수상,농림수산,2015,학생,명일중
612,우수상,지구과학,2015,학생,대진고
613,특상,지구과학,2015,학생,서울과학고
614,우수상,지구과학,2015,학생,서울과학고
615,장려상,지구과학,2015,학생,대원국제중
616,장려상,지구과학,2015,학생,고명중
617,우수상,지구과학,2015,학생,경기초
618,장려상,지구과학,2015,학생,경복초
619,장려상,지구과학,2015,학생,서울도성초
620,장려상,지구과학,2015,학생,서울송전초
621,장려상,식물,2015,학생,덕성여고
622,우수상,식물,2015,학생,반포고
623,장려상,식물,2015,학생,휘문고
624,특상,식물,2015,학생,동양중
625,장려상,식물,2015,학생,명덕여중
626,특상,식물,2015,학생,한양중
627,장려상,식물,2015,학생,광성중
628,우수상,식물,2015,학생,서울목운초
629,장려상,동물,2015,학생,서울용산초
630,우수상,동물,2015,학생,은광여고
631,장려상,동물,2015,학생,하나고
632,장려상,동물,2015,학생,명덕고
633,특상,동물,2015,학생,한성과학고
634,장려상,동물,2015,학생,서울과학고
635,우수상,동물,2015,학생,경기고
636,장려상,동물,2015,학생,선린중
637,우수상,동물,2015,학생,대원국제중
638,특상,동물,2015,학생,한양초
639,장려상,화학,2015,학생,숭의여고
640,장려상,화학,2015,학생,하나고
641,우수상,화학,2015,학생,한성과학고
642,장려상,화학,2015,학생,서울과학고
643,우수상,화학,2015,학생,반포고
644,우수상,화학,2015,학생,세종과학고
645,특상,화학,2015,학생,서울과학고
646,장려상,화학,2015,학생,은광여고
647,특상,화학,2015,학생,세종과학고
648,장려상,화학,2015,학생,한성과학고
649,우수상,화학,2015,학생,세종과학고
650,장려상,화학,2015,학생,압구정중
651,특상,화학,2015,학생,목운중
652,장려상,화학,2015,학생,서울강덕초
653,우수상,물리,2015,학생,경복고
654,장려상,물리,2015,학생,관악고
655,장려상,물리,2015,학생,광남고
656,특상,물리,2015,학생,중산고
657,장려상,물리,2015,학생,한성과학고
658,장려상,물리,2015,학생,서울과학고
659,우수상,물리,2015,학생,서울과학고
660,우수상,물리,2015,학생,한성과학고
661,우수상,물리,2015,학생,송곡여고
662,장려상,물리,2015,학생,진선여고
663,특상,물리,2015,학생,세종과학고
664,특상,물리,2015,학생,세종과학고
665,장려상,물리,2015,학생,여의도여고
666,우수상,물리,2015,학생,세종과학고
667,특상,물리,2015,학생,상명중
668,우수상,물리,2015,학생,대청중
669,장려상,물리,2015,학생,성보중
670,우수상,물리,2015,학생,연서중
671,장려상,물리,2015,학생,신일중
672,우수상,물리,2015,학생,구암중
673,장려상,물리,2015,학생,환일중
674,장려상,물리,2015,학생,예일여중
675,우수상,물리,2015,학생,청원중
676,특상,물리,2015,학생,상현중
677,장려상,물리,2014,학생,자양중
678,장려상,물리,2015,학생,서울보라매초
679,우수상,물리,2015,학생,서울불암초
680,우수상,물리,2015,학생,은석초
681,우수상,물리,2015,학생,서울원촌초
682,우수상,물리,2015,학생,서울오금초
683,특상,물리,2015,학생,서울개운초
684,장려상,물리,2015,학생,서울불암초
685,우수상,물리,2015,학생,한양초
686,우수상,물리,2015,학생,서울신답초
687,특상,물리,2014,학생,한성과학고등학교
688,우수상,물리,2014,학생,서울과학고등학교
689,장려상,물리,2014,학생,배화여자고등학교
690,장려상,환경,2014,학생,상문고등학교
691,우수상,환경,2014,학생,현대고등학교
692,우수상,환경,2014,학생,서울과학고등학교
693,장려상,환경,2014,학생,상계고등학교
694,우수상,환경,2014,학생,한성과학고등학교
695,우수상,환경,2014,학생,진선여자고등학교
696,특상,환경,2014,학생,세종과학고등학교
697,우수상,환경,2014,학생,오륜중학교
698,우수상,환경,2014,학생,명덕여중
699,특상,환경,2014,학생,대원국제중학교
700,장려상,환경,2014,학생,광양중학교
701,장려상,환경,2014,학생,여의도중학교
702,장려상,환경,2014,학생,장평초등학교
703,장려상,환경,2014,학생,서교초등학교
704,장려상,환경,2014,학생,신당초등학교
705,특상,환경,2014,학생,언주초등학교
706,장려상,산업 및 에너지,2014,학생,서울과학고등학교
707,특상,산업 및 에너지,2014,학생,숙명여자고등학교
708,우수상,산업 및 에너지,2014,학생,언남고등학교
709,특상,산업 및 에너지,2014,학생,보인고등학교
710,장려상,산업 및 에너지,2014,학생,상문고등학교
711,우수상,산업 및 에너지,2014,학생,세종과학고등학교
712,장려상,산업 및 에너지,2014,학생,한성과학고등학교
713,우수상,산업 및 에너지,2014,학생,서울과학고등학교
714,우수상,산업 및 에너지,2014,학생,동일여자고등학교
715,장려상,산업 및 에너지,2014,학생,세종과학고등학교
716,장려상,산업 및 에너지,2014,학생,한성과학고등학교
717,우수상,산업 및 에너지,2014,학생,대광중학교
718,장려상,산업 및 에너지,2014,학생,중계중학교
719,장려상,산업 및 에너지,2014,학생,인헌중학교
720,장려상,산업 및 에너지,2014,학생,상계중학교
721,장려상,산업 및 에너지,2014,학생,선린중학교
722,장려상,산업 및 에너지,2014,학생,고명중학교
723,특상,산업 및 에너지,2014,학생,삼각산중학교
724,우수상,산업 및 에너지,2014,학생,"한양중,무학중,동마중"
725,장려상,산업 및 에너지,2014,학생,을지초등학교
726,특상,산업 및 에너지,2014,학생,영도초등학교
727,우수상,산업 및 에너지,2014,학생,경기초등학교
728,장려상,산업 및 에너지,2014,학생,세곡초등학교
729,우수상,농림수산,2014,학생,반포고등학교
730,우수상,농림수산,2014,학생,서울과학고등학교
731,장려상,농림수산,2014,학생,서울과학고등학교
732,장려상,농림수산,2014,학생,한성과학고등학교
733,우수상,농림수산,2014,학생,은광여자고등학교
734,특상,농림수산,2014,학생,세종과학고등학교
735,우수상,농림수산,2014,학생,동대문중학교
736,특상,농림수산,2014,학생,고척중학교
737,장려상,농림수산,2014,학생,성일중학교
738,장려상,지구과학,2014,학생,서울과학고등학교
739,우수상,지구과학,2014,학생,서울과학고등학교
740,장려상,지구과학,2014,학생,한성과학고등학교
741,특상,지구과학,2014,학생,대진고등학교
742,우수상,지구과학,2014,학생,자양고등학교
743,장려상,지구과학,2014,학생,잠신중학교
744,특상,식물,2014,학생,배재고등학교
745,우수상,식물,2014,학생,경기여자고등학교
746,장려상,식물,2014,학생,서울과학고등학교
747,우수상,식물,2014,학생,창동고등학교
748,특상,식물,2014,학생,창덕여자고등학교
749,우수상,식물,2014,학생,한서고등학교
750,장려상,식물,2014,학생,양정고등학교
751,장려상,식물,2014,학생,세종과학고등학교
752,우수상,식물,2014,학생,오남중학교
753,장려상,식물,2014,학생,목운중학교
754,특상,식물,2014,학생,성일초등학교
755,장려상,식물,2014,학생,봉화초등학교
756,장려상,식물,2014,학생,화랑초등학교
757,장려상,동물,2014,학생,경문고등학교
758,특상,동물,2014,학생,한성과학고등학교
759,장려상,동물,2014,학생,대진고등학교
760,특상,동물,2014,학생,목동고등학교
761,우수상,동물,2014,학생,목동고등학교
762,우수상,동물,2014,학생,보성고등학교
763,장려상,동물,2014,학생,서울과학고등학교
764,우수상,동물,2014,학생,서울과학고등학교
765,우수상,동물,2014,학생,서울과학고등학교
766,장려상,동물,2014,학생,인창고등학교
767,특상,동물,2014,학생,대청중학교
768,우수상,동물,2014,학생,서울사대부설중학교
769,장려상,동물,2014,학생,휘문중학교
770,장려상,동물,2014,학생,서울여자중학교
771,우수상,동물,2014,학생,충암초등학교
772,장려상,동물,2014,학생,인헌초등학교
773,장려상,화학,2014,학생,배재고등학교
774,장려상,화학,2014,학생,한성과학고등학교
775,특상,화학,2014,학생,한성과학고등학교
776,우수상,화학,2014,학생,한성과학고등학교
777,장려상,화학,2014,학생,세종과학고등학교
778,장려상,화학,2014,학생,세종과학고등학교
779,특상,화학,2014,학생,서울과학고등학교
780,우수상,화학,2014,학생,가락중학교
781,우수상,화학,2014,학생,대원국제중학교
782,우수상,화학,2014,학생,영훈초등학교
783,특상,물리,2014,학생,서울과학고등학교
784,장려상,물리,2014,학생,세종과학고등학교
785,장려상,물리,2014,학생,서울과학고등학교
786,우수상,물리,2014,학생,서울과학고등학교
787,장려상,물리,2014,학생,영일고등학교
788,장려상,물리,2014,학생,서울고등학교
789,우수상,물리,2014,학생,서울고등학교
790,특상,물리,2014,학생,강서고등학교
791,장려상,물리,2014,학생,한성과학고등학교
792,우수상,물리,2014,학생,한성과학고
793,우수상,물리,2014,학생,미성중학교
794,장려상,물리,2014,학생,창일중학교
795,우수상,물리,2014,학생,영림중학교
796,장려상,물리,2014,학생,세륜중학교
797,장려상,물리,2014,학생,신중초등학교
798,장려상,물리,2014,학생,남성초등학교
799,우수상,물리,2014,학생,원촌초등학교
800,우수상,물리,2014,학생,개운초등학교
801,장려상,물리,2014,학생,남성초등학교
802,장려상,물리,2013,학생,압구정중학교
803,우수상,동물,2013,학생,서울원광초등학교
804,장려상,환경,2013,학생,영신여자고등학교
805,장려상,환경,2013,학생,세종과학고등학교
806,장려상,환경,2013,학생,한성과학고등학교
807,장려상,환경,2013,학생,세종과학고등학교
808,장려상,환경,2013,학생,목운중학교
809,장려상,환경,2013,학생,광남초등학교
810,장려상,산업 및 에너지,2013,학생,서울과학고등학교
811,장려상,산업 및 에너지,2013,학생,서울과학고등학교
812,장려상,산업 및 에너지,2013,학생,여의도고등학교
813,장려상,산업 및 에너지,2013,학생,세종과학고등학교
814,장려상,산업 및 에너지,2013,학생,도곡중학교
815,장려상,산업 및 에너지,2013,학생,강남초등학교
816,장려상,농림수산,2013,학생,혜원여자고등학교
817,장려상,지구과학,2013,학생,서울과학고등학교
818,장려상,지구과학,2013,학생,하나고등학교
819,장려상,지구과학,2013,학생,잠실초등학교
820,장려상,식물,2013,학생,목동고등학교
821,장려상,식물,2013,학생,오남중학교
822,장려상,식물,2013,학생,보성중학교
823,장려상,식물,2013,학생,상지초등학교
824,장려상,식물,2013,학생,명원초등학교
825,장려상,동물,2013,학생,서울과학고등학교
826,장려상,동물,2013,학생,한양사대부속고등학교
827,장려상,동물,2013,학생,대원고등학교
828,장려상,동물,2013,학생,불암중학교
829,장려상,동물,2013,학생,충암초등학교
830,장려상,화학,2013,학생,반포고등학교
831,장려상,화학,2013,학생,대영중학교
832,장려상,화학,2013,학생,신암중학교
833,장려상,화학,2013,학생,대곡초등학교
834,장려상,물리,2013,학생,방산고등학교
835,장려상,물리,2013,학생,여의도고등학교
836,장려상,물리,2013,학생,관악고등학교
837,장려상,물리,2013,학생,장훈고등학교
838,장려상,물리,2013,학생,용문고등학교
839,장려상,물리,2013,학생,청운중학교
840,장려상,물리,2013,학생,미성중학교
841,장려상,물리,2013,학생,고명중학교
842,장려상,물리,2013,학생,우촌초등학교
843,우수상,환경,2013,학생,한성과학고등학교
844,우수상,환경,2013,학생,한양초등학교
845,우수상,환경,2013,학생,을지초등학교
846,우수상,산업 및 에너지,2013,학생,원촌중학교
847,우수상,농림수산,2013,학생,신화중학교
848,우수상,지구과학,2013,학생,한성과학고등학교
849,우수상,지구과학,2013,학생,신서초등학교
850,우수상,식물,2013,학생,서울과학고등학교
851,우수상,식물,2013,학생,도곡초등학교
852,우수상,식물,2013,학생,청구초등학교
853,우수상,동물,2013,학생,보성고등학교
854,우수상,동물,2013,학생,세종과학고등학교
855,우수상,화학,2013,학생,진선여자고등학교
856,우수상,화학,2013,학생,대성고등학교
857,우수상,화학,2013,학생,신길초등학교
858,우수상,물리,2013,학생,은광여자고등학교
859,우수상,물리,2013,학생,경성고등학교
860,우수상,물리,2013,학생,서울과학고등학교
861,우수상,물리,2013,학생,대신중학교
862,우수상,물리,2013,학생,상계중학교
863,우수상,물리,2013,학생,윤중초등학교
864,특상,환경,2013,학생,명덕여자중학교
865,특상,환경,2013,학생,길음초등학교
866,특상,산업 및 에너지,2013,학생,보성고등학교
867,특상,산업 및 에너지,2013,학생,상현중학교
868,특상,농림수산,2013,학생,세종과학고등학교
869,특상,지구과학,2013,학생,한성과학고등학교
870,특상,지구과학,2013,학생,광양중학교
871,특상,식물,2013,학생,상문고등학교
872,특상,식물,2013,학생,방배중학교
873,특상,동물,2013,학생,세종과학고등학교
874,특상,동물,2013,학생,휘문중학교
875,특상,화학,2013,학생,세종과학고등학교
876,특상,화학,2013,학생,신동중학교
877,특상,화학,2013,학생,오산중학교
878,특상,물리,2013,학생,서울과학고등학교
879,특상,물리,2013,학생,휘문고등학교
880,특상,물리,2013,학생,세종과학고등학교
881,특상,물리,2013,학생,한영중학교
882,특상,물리,2013,학생,당중초등학교
883,장려,화학,2012,교사,한성과학고
